{
  "oneshot:0": {
    "answer_similarity": 0.7591399545895539,
    "retrieval_coverage": 0.7112225946166439,
    "mean_iterations": 0.0,
    "llm_calls": 20
  },
  "agent:0": {
    "answer_similarity": 0.7590705133978813,
    "retrieval_coverage": 0.7112225946166439,
    "mean_iterations": 0.9,
    "llm_calls": 29
  }
}